[
    {
        "nama": "Vennya Agustin",
        "kelas": "12 Tataboga 2",
        "tagihan_spp": "RP. 500.000",
        "tanggal_pembayaran": "27 Mei 2024",
        "sisa_pembayaran": "-",
        "status_pembayaran": "LUNAS"
    },
    {
        "nama": "Fahmi Nurohman",
        "kelas": "12 Tataboga 2",
        "tagihan_spp": "RP. 500.000",
        "tanggal_pembayaran": "2 April 2024",
        "sisa_pembayaran": "-",
        "status_pembayaran": "LUNAS"
    },
    {
        "nama": "Bagas",
        "kelas": "12 Tataboga 2",
        "tagihan_spp": "RP. 300.000",
        "tanggal_pembayaran": "1 Mei 2024",
        "sisa_pembayaran": "RP. 200.000",
        "status_pembayaran": "BELUM LUNAS"
    },
    {
        "nama": "Bunga Ayu",
        "kelas": "12 Tataboga 2",
        "tagihan_spp": "RP. 250.000",
        "tanggal_pembayaran": "27 Mei 2024",
        "sisa_pembayaran": "RP. 250.000",
        "status_pembayaran": "BELUM LUNAS"
    }
]